equipo,nombre,posicion,rating,liga
Argelia,Mastil Melvin,Portero,62,Europa_Low
Argelia,Mandi Aissa,Defensa,79,Europa_Mid
Argelia,Abada Achref,Defensa,68,Europa_Top
Argelia,Tougai Mohamed Amine,Defensa,67,Europa_Low
Argelia,Belaid Zineddine,Defensa,66,Europa_Low
Argelia,Zerrouki Ramiz,Mediocampista,75,Europa_Mid
Argelia,Mahrez Riyad,Delantero,84,Asia_Africa
Argelia,Aouar Houssem,Mediocampista,78,Europa_Mid
Argelia,Gouiri Amine,Delantero,77,Europa_Mid
Argelia,Chaibi Fares,Mediocampista,76,Champions
Argelia,Hadj Moussa Anis,Delantero,74,Champions
Argelia,Benbouali Nadhir,Delantero,66,Europa_Mid
Argelia,Hadjam Jaouen,Defensa,70,Europa_Mid
Argelia,Boudaoui Hicham,Mediocampista,74,Europa_Mid
Argelia,Ait-Nouri Rayan,Defensa,80,Europa_Mid
Argelia,Benbot Oussama,Portero,63,Europa_Low
Argelia,Belghali Rak,Defensa,67,Europa_Low
Argelia,Amoura Mohamed,Delantero,76,Europa_Mid
Argelia,Bentaleb Nabil,Mediocampista,75,Europa_Low
Argelia,Boulbina Adil,Delantero,68,Europa_Low
Argelia,Bensebaini Ramy,Defensa,78,Champions
Argelia,Maza Ibrahim,Mediocampista,72,Europa_Low
Argelia,Zidane Luca,Portero,64,Europa_Low
Argelia,Titraoui Yassine,Mediocampista,65,Europa_Low
Argelia,Ghedjemis Fares,Delantero,67,Europa_Low
Argelia,Chergui Samir,Defensa,65,Europa_Low
Argentina,Musso Juan,Portero,82,Champions
Argentina,Senesi Marcos,Mediocampista,78,Champions
Argentina,Tagliafico Nicolas,Defensa,80,Champions
Argentina,Montiel Gonzalo,Defensa,78,Champions
Argentina,Paredes Leandro,Mediocampista,82,Champions
Argentina,Martinez Lisandro,Defensa,85,Champions
Argentina,De Paul Rodrigo,Mediocampista,85,Champions
Argentina,Barco Valentin,Mediocampista,73,America
Argentina,Alvarez Julian,Delantero,88,Champions
Argentina,Messi Lionel,Delantero,91,America
Argentina,Lo Celso Giovani,Mediocampista,81,Champions
Argentina,Rulli Geronimo,Portero,78,Champions
Argentina,Romero Cristian,Defensa,85,Champions
Argentina,Palacios Exequiel,Mediocampista,80,Champions
Argentina,Gonzalez Nico,Delantero,82,Champions
Argentina,Almada Thiago,Delantero,77,America
Argentina,Simeone Giuliano,Delantero,74,Champions
Argentina,Paz Nico,Mediocampista,74,Champions
Argentina,Otamendi Nicolas,Defensa,83,Champions
Argentina,Mac Allister Alexis,Mediocampista,85,Champions
Argentina,Lopez Jose Manuel,Delantero,68,America
Argentina,Martinez Lautaro,Delantero,89,Champions
Argentina,Martinez Emiliano,Portero,89,America
Argentina,Fernandez Enzo,Mediocampista,84,Champions
Argentina,Medina Facundo,Defensa,76,Champions
Argentina,Molina Nahuel,Defensa,82,Champions
Australia,Ryan Mathew,Portero,78,Champions
Australia,Degenek Milos,Defensa,72,America
Australia,Circati Alessandro,Defensa,70,Europa_Mid
Australia,Italiano Jacob,Defensa,68,Europa_Mid
Australia,Bos Jordan,Defensa,71,Europa_Low
Australia,Geria Jason,Defensa,67,Europa_Mid
Australia,Leckie Mathew,Delantero,74,America
Australia,Metcalfe Connor,Mediocampista,72,America
Australia,Toure Mohamed,Delantero,70,Europa_Mid
Australia,Hrustic Ajdin,Delantero,73,Europa_Mid
Australia,Mabil Awer,Delantero,74,Europa_Top
Australia,Izzo Paul,Portero,68,Europa_Low
Australia,Oneill Aiden,Mediocampista,70,America
Australia,Devlin Cameron,Mediocampista,68,Europa_Mid
Australia,Trewin Kai,Defensa,67,Europa_Low
Australia,Behich Aziz,Defensa,72,Europa_Mid
Australia,Irankunda Nestory,Delantero,72,Champions
Australia,Beach Patrick,Portero,65,America
Australia,Souttar Harry,Defensa,74,Europa_Top
Australia,Volpato Cristian,Delantero,69,Europa_Mid
Australia,Burgess Cameron,Defensa,70,Europa_Mid
Australia,Irvine Jackson,Mediocampista,73,Europa_Mid
Australia,Velupillay Nishan,Delantero,67,Europa_Low
Australia,Okon-Engstler Paul,Mediocampista,65,Europa_Low
Australia,Herrington Lucas,Defensa,65,Europa_Low
Australia,Yengi Tete,Delantero,68,Europa_Mid
Austria,Schlager Alexander,Portero,76,Champions
Austria,Affengruber David,Defensa,68,Europa_Low
Austria,Danso Kevin,Defensa,80,Europa_Mid
Austria,Schlager Xaver,Mediocampista,82,Champions
Austria,Posch Stefan,Defensa,78,Champions
Austria,Seiwald Nicolas,Mediocampista,79,Champions
Austria,Arnautovic Marko,Delantero,80,Champions
Austria,Alaba David,Defensa,84,Champions
Austria,Sabitzer Marcel,Mediocampista,82,Europa_Mid
Austria,Grillitsch Florian,Mediocampista,76,Europa_Mid
Austria,Gregoritsch Michael,Delantero,77,Europa_Mid
Austria,Wiegele Florian,Portero,65,Europa_Low
Austria,Pentz Patrick,Portero,73,Europa_Top
Austria,Kalajdzic Sasa,Delantero,75,Europa_Mid
Austria,Lienhart Philipp,Defensa,75,Europa_Mid
Austria,Mwene Phillip,Defensa,71,Europa_Top
Austria,Chukwuemeka Carney,Mediocampista,74,Champions
Austria,Schmid Romano,Mediocampista,75,Europa_Mid
Austria,Ljubicic Dejan,Mediocampista,72,Europa_Mid
Austria,Laimer Konrad,Mediocampista,82,Champions
Austria,Wimmer Patrick,Delantero,74,Europa_Mid
Austria,Prass Alexander,Mediocampista,72,Champions
Austria,Friedl Marco,Defensa,74,Europa_Mid
Austria,Wanner Paul,Mediocampista,71,Europa_Mid
Austria,Svoboda Michael,Defensa,71,Europa_Mid
Austria,Schoepf Alessandro,Mediocampista,72,Europa_Mid
Bélgica,Courtois Thibaut,Portero,90,Champions
Bélgica,Debast Zeno,Defensa,78,Champions
Bélgica,Theate Arthur,Defensa,77,Champions
Bélgica,Mechele Brandon,Defensa,74,Europa_Top
Bélgica,De Cuyper Maxim,Defensa,76,Europa_Top
Bélgica,Witsel Axel,Mediocampista,80,Champions
Bélgica,De Bruyne Kevin,Mediocampista,91,Champions
Bélgica,Tielemans Youri,Mediocampista,83,Champions
Bélgica,Lukaku Romelu,Delantero,87,Champions
Bélgica,Trossard Leandro,Delantero,83,Champions
Bélgica,Doku Jeremy,Delantero,83,Champions
Bélgica,Lammens Senne,Portero,70,Europa_Mid
Bélgica,Penders Mike,Portero,65,Champions
Bélgica,Lukebakio Dodi,Delantero,78,Champions
Bélgica,Meunier Thomas,Defensa,79,Champions
Bélgica,De Winter Koni,Defensa,74,Champions
Bélgica,De Ketelaere Charles,Delantero,82,Champions
Bélgica,Seys Joaquin,Defensa,67,Europa_Mid
Bélgica,Moreira Diego,Mediocampista,72,Champions
Bélgica,Vanaken Hans,Mediocampista,79,Europa_Top
Bélgica,Castagne Timothy,Defensa,78,Champions
Bélgica,Saelemaekers Alexis,Mediocampista,78,Champions
Bélgica,Raskin Nicolas,Mediocampista,75,Champions
Bélgica,Onana Amadou,Mediocampista,79,Champions
Bélgica,Ngoy Nathan,Defensa,68,Europa_Low
Bélgica,Fernandez-Pardo Matias,Delantero,68,Europa_Mid
Bosnia y Herzegovina,Vasilj Nikola,Portero,74,Europa_Mid
Bosnia y Herzegovina,Mujakic Nihad,Defensa,68,Europa_Mid
Bosnia y Herzegovina,Hadzikadunic Dennis,Defensa,72,Europa_Mid
Bosnia y Herzegovina,Muharemovic Tarik,Defensa,70,Europa_Mid
Bosnia y Herzegovina,Kolasinac Sead,Defensa,78,Europa_Mid
Bosnia y Herzegovina,Tahirovic Benjamin,Mediocampista,73,Europa_Top
Bosnia y Herzegovina,Dedic Amar,Defensa,72,Europa_Top
Bosnia y Herzegovina,Gigovic Armin,Mediocampista,70,Europa_Low
Bosnia y Herzegovina,Bazdar Samed,Delantero,70,Europa_Low
Bosnia y Herzegovina,Demirovic Ermedin,Delantero,78,Europa_Mid
Bosnia y Herzegovina,Dzeko Edin,Delantero,81,Europa_Top
Bosnia y Herzegovina,Jurkas Mladen,Portero,60,Europa_Low
Bosnia y Herzegovina,Basic Ivan,Mediocampista,69,Europa_Mid
Bosnia y Herzegovina,Sunjic Ivan,Mediocampista,70,Europa_Top
Bosnia y Herzegovina,Memic Amar,Mediocampista,69,Europa_Mid
Bosnia y Herzegovina,Hadziahmetovic Amir,Mediocampista,72,Europa_Mid
Bosnia y Herzegovina,Burnic Dzenis,Mediocampista,70,Europa_Mid
Bosnia y Herzegovina,Katic Nikola,Defensa,70,Europa_Top
Bosnia y Herzegovina,Alajbegovic Kerim,Delantero,68,Europa_Low
Bosnia y Herzegovina,Bajraktarevic Esmir,Delantero,69,America
Bosnia y Herzegovina,Radeljic Stjepan,Defensa,67,Europa_Low
Bosnia y Herzegovina,Zlomislic Martin,Portero,66,Europa_Low
Bosnia y Herzegovina,Tabakovic Haris,Delantero,72,Europa_Mid
Bosnia y Herzegovina,Malic Arjan,Defensa,66,Europa_Low
Bosnia y Herzegovina,Lukic Jovo,Delantero,66,Europa_Low
Bosnia y Herzegovina,Mahmic Ermin,Mediocampista,65,Europa_Low
Brasil,Alisson,Portero,90,Champions
Brasil,Ederson Silva,Mediocampista,74,America
Brasil,Gabriel Magalhaes,Defensa,85,Champions
Brasil,Marquinhos,Defensa,87,Champions
Brasil,Casemiro,Mediocampista,85,Champions
Brasil,Alex Sandro,Defensa,78,America
Brasil,Vinicius Junior,Delantero,91,Champions
Brasil,Bruno Guimaraes,Mediocampista,87,Champions
Brasil,Matheus Cunha,Delantero,82,Champions
Brasil,Neymar Jr,Delantero,87,America
Brasil,Raphinha,Delantero,85,Champions
Brasil,Weverton,Portero,76,America
Brasil,Danilo,Defensa,79,America
Brasil,Bremer,Defensa,84,Champions
Brasil,Leo Pereira,Defensa,77,America
Brasil,Douglas Santos,Defensa,74,Champions
Brasil,Fabinho,Mediocampista,83,Asia_Africa
Brasil,Danilo Santos,Mediocampista,72,America
Brasil,Endrick,Delantero,77,Champions
Brasil,Lucas Paqueta,Mediocampista,86,Champions
Brasil,Luiz Henrique,Delantero,74,America
Brasil,Gabriel Martinelli,Delantero,83,Champions
Brasil,Ederson,Portero,86,Champions
Brasil,Roger Ibanez,Defensa,76,Asia_Africa
Brasil,Igor Thiago,Delantero,72,Europa_Top
Brasil,Rayan,Delantero,68,America
Cabo Verde,Vozinha,Portero,68,Europa_Mid
Cabo Verde,Stopira,Defensa,66,Europa_Mid
Cabo Verde,Diney Borges,Defensa,66,Europa_Low
Cabo Verde,Pico Lopes,Defensa,65,Europa_Mid
Cabo Verde,Logan Costa,Defensa,70,Europa_Top
Cabo Verde,Kevin Pina,Mediocampista,70,Europa_Mid
Cabo Verde,Jovane Cabral,Mediocampista,72,Europa_Mid
Cabo Verde,Joao Paulo,Mediocampista,68,America
Cabo Verde,Gilson Benchimol,Delantero,67,Europa_Low
Cabo Verde,Jamiro Monteiro,Mediocampista,70,America
Cabo Verde,Garry Rodrigues,Mediocampista,71,Asia_Africa
Cabo Verde,Marcio Rosa,Portero,63,Europa_Low
Cabo Verde,Sidny Lopes Cabral,Defensa,65,Europa_Low
Cabo Verde,Deroy Duarte,Mediocampista,67,Europa_Low
Cabo Verde,Laros Duarte,Mediocampista,68,Europa_Mid
Cabo Verde,Yannick Semedo,Mediocampista,66,Europa_Low
Cabo Verde,Willy Semedo,Mediocampista,67,Europa_Low
Cabo Verde,Telmo Arcanjo,Mediocampista,67,Europa_Low
Cabo Verde,Dailon Livramento,Delantero,68,Europa_Mid
Cabo Verde,Ryan Mendes,Delantero,68,Europa_Mid
Cabo Verde,Nuno Da Costa,Mediocampista,68,Europa_Mid
Cabo Verde,Steven Moreira,Defensa,66,Europa_Top
Cabo Verde,Cj Dos Santos,Portero,64,Europa_Low
Cabo Verde,Wagner Pina,Defensa,65,Europa_Low
Cabo Verde,Kelvin Pires,Defensa,65,Europa_Low
Cabo Verde,Helio Varela,Mediocampista,65,Europa_Low
Canadá,St. Clair Dayne,Portero,74,America
Canadá,Johnston Alistair,Defensa,77,Europa_Top
Canadá,Jones Ale,Defensa,72,America
Canadá,De Fougerolles Luc,Defensa,69,America
Canadá,Waterman Joel,Defensa,70,America
Canadá,Choiniere Mathieu,Mediocampista,72,America
Canadá,Eustaquio Stephen,Mediocampista,78,Europa_Top
Canadá,Kone Ismael,Mediocampista,76,Europa_Mid
Canadá,Larin Cyle,Delantero,76,Europa_Top
Canadá,David Jonathan,Delantero,84,Europa_Mid
Canadá,Millar Liam,Mediocampista,73,Europa_Top
Canadá,Oluwaseyi Tani,Delantero,73,America
Canadá,Cornelius Derek,Defensa,74,America
Canadá,Shaffelburg Jacob,Mediocampista,73,America
Canadá,Bombito Moise,Defensa,74,America
Canadá,Crepeau Maxime,Portero,75,America
Canadá,Buchanan Tajon,Delantero,77,Europa_Top
Canadá,Goodman Owen,Portero,65,America
Canadá,Davies Alphonso,Defensa,87,Champions
Canadá,Ahmed Ali,Delantero,70,America
Canadá,Osorio Jonathan,Mediocampista,74,America
Canadá,Laryea Richie,Defensa,72,Europa_Top
Canadá,Sigur Niko,Defensa,69,Europa_Low
Canadá,David Promise,Delantero,70,America
Canadá,Saliba Nathan,Mediocampista,70,America
Canadá,Nelson Jayden,Delantero,71,America
Colombia,Ospina David,Portero,82,Asia_Africa
Colombia,Munoz Daniel,Defensa,80,Europa_Mid
Colombia,Lucumi Jhon,Defensa,79,Champions
Colombia,Arias Santiago,Defensa,74,Champions
Colombia,Castano Kevin,Mediocampista,74,Europa_Mid
Colombia,Rios Richard,Mediocampista,78,America
Colombia,Diaz Luis,Delantero,87,Champions
Colombia,Carrascal Jorge,Mediocampista,76,America
Colombia,Cordoba Jhon,Delantero,73,Champions
Colombia,Rodriguez James,Mediocampista,83,Asia_Africa
Colombia,Arias Jhon,Mediocampista,79,America
Colombia,Vargas Camilo,Portero,73,America
Colombia,Mina Yerry,Defensa,80,America
Colombia,Puerta Gustavo,Defensa,70,Champions
Colombia,Portilla Juan,Mediocampista,71,America
Colombia,Lerma Jefferson,Mediocampista,78,Europa_Mid
Colombia,Mojica Johan,Defensa,75,Europa_Mid
Colombia,Ditta Willer,Defensa,67,Europa_Mid
Colombia,Hernandez Cucho,Delantero,78,America
Colombia,Quintero Juan,Mediocampista,79,America
Colombia,Campaz Jaminton,Delantero,70,America
Colombia,Machado Deiver,Defensa,70,Europa_Mid
Colombia,Sanchez Davinson,Defensa,83,Europa_Top
Colombia,Montero Alvaro,Portero,72,America
Colombia,Suarez Luis,Delantero,74,America
Colombia,Gomez Andres,Delantero,69,America
Rep. Dem. del Congo,Mpasi Lionel,Portero,70,Europa_Low
Rep. Dem. del Congo,Wan-Bissaka Aaron,Defensa,78,Europa_Mid
Rep. Dem. del Congo,Kapuadi Steve,Defensa,66,Europa_Mid
Rep. Dem. del Congo,Tuanzebe Axel,Defensa,73,Europa_Mid
Rep. Dem. del Congo,Batubinsika Dylan,Defensa,68,Europa_Mid
Rep. Dem. del Congo,Mukau Ngalayel,Mediocampista,72,Europa_Low
Rep. Dem. del Congo,Mbuku Nathanael,Mediocampista,70,Europa_Mid
Rep. Dem. del Congo,Moutoussamy Samuel,Mediocampista,71,Europa_Mid
Rep. Dem. del Congo,Cipenga Brian,Delantero,67,Europa_Low
Rep. Dem. del Congo,Bongonda Theo,Mediocampista,74,Europa_Top
Rep. Dem. del Congo,Kakuta Gael,Delantero,73,Europa_Mid
Rep. Dem. del Congo,Kayembe Joris,Defensa,70,Europa_Mid
Rep. Dem. del Congo,Elia Meschack,Delantero,73,Europa_Mid
Rep. Dem. del Congo,Sadiki Noah,Mediocampista,68,Europa_Low
Rep. Dem. del Congo,Tshibola Aaron,Mediocampista,69,Europa_Mid
Rep. Dem. del Congo,Fayulu Timothy,Portero,66,Europa_Low
Rep. Dem. del Congo,Bakambu Cedric,Delantero,78,Europa_Mid
Rep. Dem. del Congo,Pickel Charles,Mediocampista,72,Europa_Mid
Rep. Dem. del Congo,Mayele Fiston,Delantero,72,Europa_Top
Rep. Dem. del Congo,Wissa Yoane,Delantero,78,Europa_Mid
Rep. Dem. del Congo,Epolo Matthieu,Portero,65,Europa_Mid
Rep. Dem. del Congo,Mbemba Chancel,Defensa,76,Europa_Mid
Rep. Dem. del Congo,Banza Simon,Delantero,73,Europa_Mid
Rep. Dem. del Congo,Kalulu Gedeon,Defensa,70,Europa_Low
Rep. Dem. del Congo,Kayembe Edo,Mediocampista,73,Europa_Low
Rep. Dem. del Congo,Masuaku Arthur,Defensa,73,Europa_Top
Costa de Marfil,Fofana Yahia,Portero,73,Europa_Mid
Costa de Marfil,Diomande Ousmane,Defensa,77,Europa_Top
Costa de Marfil,Konan Ghislain,Defensa,73,Europa_Mid
Costa de Marfil,Seri Jean Michael,Mediocampista,77,Europa_Mid
Costa de Marfil,Singo Wilfried,Defensa,78,Europa_Mid
Costa de Marfil,Fofana Seko,Mediocampista,83,Champions
Costa de Marfil,Kossounou Odilon,Defensa,79,Champions
Costa de Marfil,Kessie Franck,Mediocampista,85,Asia_Africa
Costa de Marfil,Bonny Ange-Yoan,Delantero,74,Europa_Mid
Costa de Marfil,Adingra Simon,Delantero,78,Europa_Mid
Costa de Marfil,Diomande Yan,Delantero,72,Europa_Low
Costa de Marfil,Wahi Elye,Delantero,75,Champions
Costa de Marfil,Operi Christopher,Defensa,68,Europa_Low
Costa de Marfil,Diakite Oumar,Delantero,72,Europa_Mid
Costa de Marfil,Diallo Amad,Delantero,79,Champions
Costa de Marfil,Kone Mohamed,Portero,66,Europa_Mid
Costa de Marfil,Doue Guela,Defensa,74,Champions
Costa de Marfil,Sangare Ibrahim,Mediocampista,81,Champions
Costa de Marfil,Pepe Nicolas,Delantero,80,Europa_Mid
Costa de Marfil,Agbadou Emmanuel,Defensa,74,Europa_Mid
Costa de Marfil,Ndicka Evan,Defensa,79,Europa_Mid
Costa de Marfil,Guessand Evann,Delantero,73,Europa_Mid
Costa de Marfil,Lafont Alban,Portero,74,Europa_Mid
Costa de Marfil,Toure Bazoumana,Delantero,68,Europa_Low
Costa de Marfil,Guiagon Parfait,Mediocampista,66,Europa_Low
Costa de Marfil,Oulai Christ Inao,Mediocampista,66,Europa_Low
Croacia,Livakovic Dominik,Portero,84,Europa_Top
Croacia,Stanisic Josip,Defensa,78,Champions
Croacia,Pongracic Marin,Defensa,77,Europa_Mid
Croacia,Gvardiol Josko,Defensa,87,Champions
Croacia,Caleta-Car Duje,Defensa,78,Europa_Mid
Croacia,Sutalo Josip,Defensa,76,Europa_Top
Croacia,Moro Nikola,Mediocampista,72,Europa_Mid
Croacia,Kovacic Mateo,Mediocampista,85,Champions
Croacia,Kramaric Andrej,Delantero,83,Europa_Mid
Croacia,Modric Luka,Mediocampista,87,Champions
Croacia,Budimir Ante,Delantero,76,Europa_Mid
Croacia,Pandur Ivor,Portero,67,Europa_Mid
Croacia,Vlasic Nikola,Mediocampista,79,Europa_Mid
Croacia,Perisic Ivan,Delantero,82,Europa_Mid
Croacia,Pasalic Mario,Mediocampista,82,Champions
Croacia,Baturina Martin,Mediocampista,74,Europa_Top
Croacia,Sucic Petar,Mediocampista,75,Champions
Croacia,Jakic Kristijan,Defensa,72,Europa_Mid
Croacia,Fruk Toni,Mediocampista,70,Europa_Low
Croacia,Matanovic Igor,Delantero,71,Europa_Mid
Croacia,Sucic Luka,Mediocampista,75,Europa_Top
Croacia,Vuskovic Luka,Defensa,70,Europa_Mid
Croacia,Kotarski Dominik,Portero,71,Europa_Top
Croacia,Pasalic Marco,Delantero,72,Europa_Mid
Croacia,Erlic Martin,Defensa,73,Europa_Mid
Croacia,Musa Petar,Delantero,73,Europa_Top
Curazao,Room Eloy,Portero,70,Europa_Top
Curazao,Sambo Shurandy,Defensa,65,Europa_Mid
Curazao,Gaari Jurien,Defensa,66,Europa_Mid
Curazao,Van Eijma Roshon,Defensa,65,Europa_Low
Curazao,Floranus Sherel,Defensa,65,Europa_Low
Curazao,Roemeratoe Godfried,Mediocampista,65,Europa_Low
Curazao,Bacuna Juninho,Mediocampista,70,Europa_Low
Curazao,Comenencia Livano,Mediocampista,68,Europa_Mid
Curazao,Locadia Juergen,Delantero,72,Europa_Low
Curazao,Bacuna Leandro,Mediocampista,71,Europa_Low
Curazao,Antonisse Jeremy,Delantero,66,Europa_Low
Curazao,Hansen Sontje,Delantero,68,Europa_Mid
Curazao,Noslin Tyrese,Delantero,67,Europa_Mid
Curazao,Gorre Kenji,Delantero,69,Europa_Low
Curazao,Martha Arjany,Mediocampista,66,Europa_Low
Curazao,Margaritha Jearl,Delantero,67,Europa_Low
Curazao,Kuwas Brandley,Delantero,69,Europa_Low
Curazao,Obispo Armando,Defensa,68,Champions
Curazao,Kastaneer Gervane,Delantero,70,Europa_Low
Curazao,Brenet Joshua,Defensa,66,Europa_Low
Curazao,Chong Tahith,Mediocampista,73,Europa_Top
Curazao,Felida Kevin,Mediocampista,65,Europa_Low
Curazao,Bazoer Riechedly,Defensa,66,Europa_Low
Curazao,Fonville Deveron,Defensa,65,Europa_Low
Curazao,Bodak Tyrick,Portero,63,Europa_Low
Curazao,Doornbusch Trevor,Portero,64,Europa_Low
República Checa,Kovar Matej,Portero,78,Champions
República Checa,Zima David,Defensa,73,Europa_Mid
República Checa,Holes Tomas,Defensa,73,Champions
República Checa,Hranac Robin,Defensa,74,Champions
República Checa,Coufal Vladimir,Defensa,76,Europa_Mid
República Checa,Chaloupek Stepan,Defensa,68,Europa_Mid
República Checa,Krejci Ladislav,Defensa,75,Champions
República Checa,Darida Vladimir,Mediocampista,74,Europa_Mid
República Checa,Hlozek Adam,Delantero,77,Champions
República Checa,Schick Patrik,Delantero,84,Champions
República Checa,Kuchta Jan,Delantero,74,Europa_Mid
República Checa,Cerv Lukas,Mediocampista,70,Europa_Mid
República Checa,Chytil Mojmir,Delantero,73,Europa_Top
República Checa,Jurasek David,Defensa,72,Europa_Top
República Checa,Sulc Pavel,Delantero,73,Europa_Mid
República Checa,Stanek Jindrich,Portero,76,Europa_Mid
República Checa,Provod Lukas,Mediocampista,74,Europa_Mid
República Checa,Sadilek Michal,Mediocampista,72,Europa_Mid
República Checa,Chory Tomas,Delantero,72,Europa_Mid
República Checa,Zeleny Jaroslav,Defensa,70,Europa_Mid
República Checa,Doudera David,Defensa,71,Europa_Mid
República Checa,Soucek Tomas,Mediocampista,82,Europa_Mid
República Checa,Hornicek Lukas,Portero,67,Europa_Low
República Checa,Sojka Alexandr,Mediocampista,68,Europa_Mid
República Checa,Sochurek Hugo,Mediocampista,65,Europa_Low
República Checa,Visinsky Denis,Delantero,68,Europa_Low
Ecuador,Galindez Hernan,Portero,73,America
Ecuador,Torres Felix,Defensa,78,America
Ecuador,Hincapie Piero,Defensa,82,Champions
Ecuador,Ordonez Joel,Defensa,73,Europa_Mid
Ecuador,Alcivar Jordy,Mediocampista,70,America
Ecuador,Pacho Willian,Defensa,81,Champions
Ecuador,Estupinan Pervis,Defensa,82,Europa_Mid
Ecuador,Valencia Anthony,Mediocampista,69,America
Ecuador,Yeboah John,Delantero,71,Europa_Mid
Ecuador,Paez Kendry,Mediocampista,74,Europa_Mid
Ecuador,Rodriguez Kevin,Delantero,73,Europa_Mid
Ecuador,Ramirez Moises,Portero,67,America
Ecuador,Valencia Enner,Delantero,79,Europa_Top
Ecuador,Minda Alan,Mediocampista,70,America
Ecuador,Vite Pedro,Mediocampista,69,America
Ecuador,Caicedo Jordy,Delantero,72,America
Ecuador,Preciado Angelo,Defensa,74,Europa_Mid
Ecuador,Castillo Denil,Mediocampista,69,Europa_Mid
Ecuador,Plata Gonzalo,Delantero,77,America
Ecuador,Angulo Nilson,Delantero,70,America
Ecuador,Franco Alan,Mediocampista,73,America
Ecuador,Valle Gonzalo,Portero,66,America
Ecuador,Caicedo Moises,Mediocampista,85,Champions
Ecuador,Arevalo Jeremy,Delantero,68,Europa_Mid
Ecuador,Porozo Jackson,Defensa,70,Europa_Low
Ecuador,Medina Yaimar,Defensa,67,America
Egipto,Mohamed Elshenawy,Portero,77,Asia_Africa
Egipto,Yasser Ibrahim,Defensa,69,Asia_Africa
Egipto,Mohamed Hany,Defensa,71,Asia_Africa
Egipto,Hossam Abdelmaguid,Defensa,68,Asia_Africa
Egipto,Ramy Rabia,Defensa,70,Asia_Africa
Egipto,Mohamed Abdelmoneim,Defensa,71,Asia_Africa
Egipto,Trezeguet,Delantero,79,Asia_Africa
Egipto,Emam Ashour,Mediocampista,73,Asia_Africa
Egipto,Hamza Abdelkarim,Delantero,67,Asia_Africa
Egipto,Mohamed Salah,Delantero,90,Champions
Egipto,Mostafa Zico,Mediocampista,68,Asia_Africa
Egipto,Haissem Hassan,Delantero,68,Europa_Low
Egipto,Ahmed Fatouh,Defensa,68,Asia_Africa
Egipto,Hamdy Fathy,Mediocampista,72,Asia_Africa
Egipto,Karim Hafez,Defensa,67,Asia_Africa
Egipto,Mahdy Soliman,Portero,64,Asia_Africa
Egipto,Mohanad Lashin,Mediocampista,70,Asia_Africa
Egipto,Nabil Donga,Mediocampista,68,Asia_Africa
Egipto,Marawan Attia,Mediocampista,69,Asia_Africa
Egipto,Ibrahim Adel,Delantero,72,Asia_Africa
Egipto,Mahmoud Saber,Mediocampista,67,Asia_Africa
Egipto,Omar Marmoush,Delantero,83,Champions
Egipto,Mostafa Shoubir,Portero,69,Asia_Africa
Egipto,Tarek Alaa,Defensa,65,Asia_Africa
Egipto,Zizo,Delantero,71,Asia_Africa
Egipto,Mohamed Alaa,Portero,63,Asia_Africa
Inglaterra,Pickford Jordan,Portero,84,Champions
Inglaterra,Konsa Ezri,Defensa,82,Champions
Inglaterra,Oreilly Nico,Defensa,71,Champions
Inglaterra,Rice Declan,Mediocampista,87,Champions
Inglaterra,Stones John,Defensa,85,Champions
Inglaterra,Guehi Marc,Defensa,82,Champions
Inglaterra,Saka Bukayo,Delantero,88,Champions
Inglaterra,Anderson Elliot,Mediocampista,74,Champions
Inglaterra,Kane Harry,Delantero,91,Champions
Inglaterra,Bellingham Jude,Mediocampista,91,Champions
Inglaterra,Rashford Marcus,Delantero,85,Champions
Inglaterra,Livramento Tino,Defensa,74,Champions
Inglaterra,Henderson Dean,Portero,78,Champions
Inglaterra,Henderson Jordan,Mediocampista,79,Champions
Inglaterra,Burn Dan,Defensa,74,Champions
Inglaterra,Mainoo Kobbie,Mediocampista,78,Champions
Inglaterra,Rogers Morgan,Mediocampista,77,Champions
Inglaterra,Gordon Anthony,Delantero,78,Champions
Inglaterra,Watkins Ollie,Delantero,83,Champions
Inglaterra,Madueke Noni,Delantero,78,Champions
Inglaterra,Eze Eberechi,Mediocampista,81,Champions
Inglaterra,Toney Ivan,Delantero,78,Champions
Inglaterra,Trafford James,Portero,72,Champions
Inglaterra,James Reece,Defensa,84,Champions
Inglaterra,Spence Djed,Defensa,72,Champions
Inglaterra,Quansah Jarell,Defensa,72,Champions
Francia,Samba Brice,Portero,76,Champions
Francia,Gusto Malo,Defensa,77,Champions
Francia,Digne Lucas,Defensa,79,Champions
Francia,Upamecano Dayot,Defensa,85,Champions
Francia,Kounde Jules,Defensa,86,Champions
Francia,Kone Manu,Mediocampista,76,Champions
Francia,Dembele Ousmane,Delantero,87,Champions
Francia,Tchouameni Aurelien,Mediocampista,86,Champions
Francia,Thuram Marcus,Delantero,83,Champions
Francia,Mbappe Kylian,Delantero,91,Champions
Francia,Olise Michael,Delantero,84,Champions
Francia,Barcola Bradley,Delantero,80,Champions
Francia,Kante Ngolo,Mediocampista,86,Asia_Africa
Francia,Rabiot Adrien,Mediocampista,82,Champions
Francia,Konate Ibrahima,Defensa,85,Champions
Francia,Maignan Mike,Portero,88,Champions
Francia,Saliba William,Defensa,87,Champions
Francia,Zaire-Emery Warren,Mediocampista,78,Champions
Francia,Hernandez Theo,Defensa,85,Champions
Francia,Doue Desire,Delantero,77,Champions
Francia,Hernandez Lucas,Defensa,81,Champions
Francia,Mateta Jean-Philippe,Delantero,77,Champions
Francia,Risser Robin,Portero,65,Champions
Francia,Cherki Rayan,Mediocampista,77,Champions
Francia,Akliouche Maghnes,Mediocampista,75,Champions
Francia,Lacroix Maxence,Defensa,74,Champions
Alemania,Neuer Manuel,Portero,89,Champions
Alemania,Ruediger Antonio,Defensa,86,Champions
Alemania,Anton Waldemar,Defensa,79,Champions
Alemania,Tah Jonathan,Defensa,82,Champions
Alemania,Pavlovic Aleksandar,Mediocampista,78,Champions
Alemania,Kimmich Joshua,Defensa,88,Champions
Alemania,Havertz Kai,Delantero,85,Champions
Alemania,Goretzka Leon,Mediocampista,83,Champions
Alemania,Leweling Jamie,Mediocampista,73,Champions
Alemania,Musiala Jamal,Mediocampista,88,Champions
Alemania,Woltemade Nick,Delantero,74,Champions
Alemania,Baumann Oliver,Portero,76,Champions
Alemania,Gross Pascal,Mediocampista,78,Champions
Alemania,Beier Maximilian,Delantero,76,Champions
Alemania,Schlotterbeck Nico,Defensa,82,Champions
Alemania,Stiller Angelo,Mediocampista,75,Champions
Alemania,Wirtz Florian,Mediocampista,89,Champions
Alemania,Brown Nathaniel,Defensa,70,Champions
Alemania,Sane Leroy,Mediocampista,85,Champions
Alemania,Amiri Nadiem,Mediocampista,72,Champions
Alemania,Nuebel Alexander,Portero,77,Champions
Alemania,Raum David,Defensa,78,Champions
Alemania,Nmecha Felix,Mediocampista,74,Champions
Alemania,Thiaw Malick,Defensa,78,Champions
Alemania,Ouedraogo Assan,Mediocampista,69,Champions
Alemania,Undav Deniz,Delantero,77,Champions
Ghana,Zigi Lawrence,Portero,71,Europa_Mid
Ghana,Seidu Alidu,Defensa,73,Champions
Ghana,Yirenkyi Caleb,Mediocampista,69,Europa_Mid
Ghana,Adjetey Jonas,Defensa,69,Europa_Mid
Ghana,Partey Thomas,Mediocampista,84,Champions
Ghana,Mumin Abdul,Defensa,70,Europa_Mid
Ghana,Fatawu Abdul,Delantero,74,Europa_Mid
Ghana,Sibo Kwasi,Mediocampista,69,Europa_Low
Ghana,Ayew Jordan,Delantero,78,America
Ghana,Thomas-Asante Brandon,Delantero,71,Europa_Mid
Ghana,Semenyo Antoine,Mediocampista,76,Europa_Mid
Ghana,Anang Joseph,Portero,66,Europa_Low
Ghana,Bonsu Baah Christopher,Delantero,69,Europa_Mid
Ghana,Mensah Gideon,Defensa,71,Europa_Mid
Ghana,Owusu Elisha,Mediocampista,70,Europa_Low
Ghana,Asare Benjamin,Portero,64,Europa_Low
Ghana,Rahman Baba,Defensa,75,Europa_Low
Ghana,Opoku Jerome,Defensa,69,Europa_Low
Ghana,Williams Inaki,Delantero,78,Europa_Mid
Ghana,Boakye Augustine,Mediocampista,66,Europa_Low
Ghana,Oppong Kojo Peprah,Defensa,68,Europa_Low
Ghana,Sulemana Kamaldeen,Delantero,76,Europa_Mid
Ghana,Luckassen Derrick,Defensa,67,Europa_Mid
Ghana,Nuamah Ernest,Delantero,73,Europa_Mid
Ghana,Adu Prince,Delantero,68,Europa_Low
Ghana,Senaya Marvin,Defensa,66,Europa_Low
Haití,Placide Johny,Portero,69,Europa_Low
Haití,Arcus Carlens,Defensa,65,Europa_Low
Haití,Thermoncy Keeto,Defensa,62,Europa_Low
Haití,Ade Ricardo,Defensa,65,Europa_Low
Haití,Delcroix Hannes,Defensa,64,Europa_Top
Haití,Sainte Carl,Mediocampista,64,America
Haití,Etienne Derrick,Delantero,68,America
Haití,Experience Martin,Defensa,64,Europa_Low
Haití,Nazon Duckens,Delantero,70,America
Haití,Bellegarde Jean-Ricner,Mediocampista,68,Europa_Mid
Haití,Deedson Louicius,Delantero,67,Europa_Low
Haití,Pierre Alexandre,Portero,65,Europa_Low
Haití,Lacroix Markhus,Defensa,63,Europa_Low
Haití,Metusala Garven,Defensa,63,Europa_Low
Haití,Providence Ruben,Delantero,66,Europa_Low
Haití,Joseph Lenny,Delantero,65,Europa_Low
Haití,Jean Jacques Danley,Mediocampista,66,Europa_Low
Haití,Isidor Wilson,Delantero,67,America
Haití,Fortune Yassin,Delantero,64,Europa_Low
Haití,Pierrot Frantzdy,Delantero,69,America
Haití,Casimir Josue,Delantero,65,Europa_Low
Haití,Duverne Jean-Kevin,Defensa,65,Europa_Low
Haití,Duverger Josue,Portero,63,Europa_Low
Haití,Paugain Wilguens,Defensa,64,Europa_Low
Haití,Simon Dominique,Mediocampista,63,America
Haití,Pierre Woodensky,Mediocampista,62,America
Irán,Beiranvand Alireza,Portero,77,Europa_Top
Irán,Hardani Saleh,Defensa,66,Asia_Africa
Irán,Hajisafi Ehsan,Defensa,73,Asia_Africa
Irán,Khalilzadeh Shoja,Defensa,70,Asia_Africa
Irán,Mohammadi Milad,Defensa,69,Europa_Mid
Irán,Ezatolahi Saeid,Mediocampista,74,Europa_Top
Irán,Jahanbakhsh Alireza,Mediocampista,78,Europa_Top
Irán,Mohebbi Mohammad,Mediocampista,74,Asia_Africa
Irán,Taremi Mehdi,Delantero,83,Champions
Irán,Ghayedi Mehdi,Delantero,72,Europa_Mid
Irán,Alipour Ali,Delantero,70,Europa_Mid
Irán,Niazmand Payam,Portero,71,Asia_Africa
Irán,Kanani Hossein,Defensa,71,Asia_Africa
Irán,Ghoddos Saman,Mediocampista,73,Europa_Mid
Irán,Cheshmi Roozbeh,Mediocampista,71,Europa_Mid
Irán,Torabi Mehdi,Mediocampista,72,Europa_Mid
Irán,Yousefi Arya,Defensa,67,Asia_Africa
Irán,Hosseinzadeh Amirhossein,Delantero,69,Asia_Africa
Irán,Nemati Ali,Defensa,67,Asia_Africa
Irán,Moghanloo Shahriyar,Delantero,69,Asia_Africa
Irán,Ghorbani Mohammad,Mediocampista,67,Asia_Africa
Irán,Hosseini Hossein,Portero,69,Asia_Africa
Irán,Rezaeian Ramin,Defensa,70,Europa_Mid
Irán,Dargahi Dennis,Delantero,65,Europa_Low
Irán,Iri Danial,Defensa,63,Asia_Africa
Irán,Razaghinia Amirmohammad,Mediocampista,65,Asia_Africa
Irak,Fahad Talib,Portero,68,Asia_Africa
Irak,Rebin Sulaka,Defensa,66,Asia_Africa
Irak,Hussein Ali,Defensa,67,Asia_Africa
Irak,Zaid Tahseen,Defensa,67,Asia_Africa
Irak,Akam Hashim,Defensa,66,Asia_Africa
Irak,Munaf Younus,Defensa,66,Asia_Africa
Irak,Youssef Amyn,Mediocampista,68,Asia_Africa
Irak,Ibrahim Bayesh,Mediocampista,70,Asia_Africa
Irak,Ali Alhamadi,Delantero,71,Asia_Africa
Irak,Mohanad Ali,Delantero,73,Asia_Africa
Irak,Ahmed Qasem,Delantero,66,Asia_Africa
Irak,Jalal Hassan,Portero,70,Asia_Africa
Irak,Ali Yousif,Delantero,67,Asia_Africa
Irak,Zidane Iqbal,Mediocampista,71,Europa_Mid
Irak,Ahmed Maknazi,Defensa,64,Asia_Africa
Irak,Amir Alammari,Mediocampista,69,Asia_Africa
Irak,Ali Jasim,Delantero,67,Asia_Africa
Irak,Aymen Hussein,Delantero,71,Asia_Africa
Irak,Kevin Yakob,Mediocampista,67,Europa_Low
Irak,Aimar Sher,Mediocampista,66,Asia_Africa
Irak,Marko Farji,Delantero,65,Europa_Low
Irak,Ahmed Basil,Portero,65,Asia_Africa
Irak,Merchas Doski,Defensa,65,Europa_Low
Irak,Zaid Ismael,Mediocampista,65,Asia_Africa
Irak,Mustafa Saadoon,Defensa,64,Asia_Africa
Irak,Frans Putros,Defensa,65,Asia_Africa
Japón,Suzuki Zion,Portero,76,Europa_Mid
Japón,Sugawara Yukinari,Defensa,76,Europa_Top
Japón,Taniguchi Shogo,Defensa,73,Asia_Africa
Japón,Itakura Kou,Defensa,78,Europa_Mid
Japón,Nagatomo Yuto,Defensa,75,Asia_Africa
Japón,Machino Shuto,Delantero,73,Europa_Mid
Japón,Tanaka Ao,Mediocampista,78,Champions
Japón,Kubo Takefusa,Mediocampista,83,Europa_Mid
Japón,Goto Keisuke,Delantero,69,Asia_Africa
Japón,Doan Ritsu,Mediocampista,80,Europa_Mid
Japón,Maeda Daizen,Delantero,76,Europa_Top
Japón,Osako Keisuke,Portero,70,Asia_Africa
Japón,Nakamura Keito,Mediocampista,77,Europa_Mid
Japón,Ito Junya,Mediocampista,79,Europa_Mid
Japón,Kamada Daichi,Mediocampista,79,Europa_Mid
Japón,Watanabe Tsuyoshi,Defensa,72,Europa_Mid
Japón,Suzuki Yuito,Mediocampista,71,Champions
Japón,Ueda Ayase,Delantero,78,Europa_Top
Japón,Ogawa Koki,Delantero,74,Europa_Mid
Japón,Seko Ayumu,Defensa,71,Asia_Africa
Japón,Ito Hiroki,Defensa,78,Europa_Mid
Japón,Tomiyasu Takehiro,Defensa,79,Champions
Japón,Hayakawa Tomoki,Portero,72,Asia_Africa
Japón,Sano Kaishu,Mediocampista,72,Europa_Mid
Japón,Suzuki Junnosuke,Defensa,68,Asia_Africa
Japón,Shiogai Kento,Delantero,69,Asia_Africa
Jordania,Yazeed Abulaila,Portero,67,Asia_Africa
Jordania,Mohammad Abuhasheesh,Defensa,65,Asia_Africa
Jordania,Abdallah Nasib,Defensa,65,Asia_Africa
Jordania,Husam Abudahab,Defensa,64,Asia_Africa
Jordania,Yazan Alarab,Defensa,65,Asia_Africa
Jordania,Amer Jamous,Mediocampista,65,Asia_Africa
Jordania,Mohammad Abuzraiq,Delantero,67,Asia_Africa
Jordania,Noor Alrawabdeh,Mediocampista,66,Asia_Africa
Jordania,Ali Olwan,Delantero,68,Asia_Africa
Jordania,Mousa Altamari,Delantero,72,Asia_Africa
Jordania,Odeh Fakhoury,Delantero,65,Asia_Africa
Jordania,Nour Baniateyah,Portero,63,Asia_Africa
Jordania,Mahmoud Almardi,Delantero,66,Asia_Africa
Jordania,Rajaei Ayed,Mediocampista,65,Asia_Africa
Jordania,Ibrahim Sadeh,Mediocampista,65,Asia_Africa
Jordania,Mohammad Abualnadi,Defensa,63,Asia_Africa
Jordania,Saleem Obaid,Defensa,63,Asia_Africa
Jordania,Mohammad Abughoush,Mediocampista,62,Asia_Africa
Jordania,Saed Alrosan,Defensa,64,Asia_Africa
Jordania,Mohannad Abutaha,Mediocampista,64,Asia_Africa
Jordania,Nizar Alrashdan,Mediocampista,65,Asia_Africa
Jordania,Abdallah Alfakhori,Portero,63,Asia_Africa
Jordania,Ehsan Haddad,Defensa,64,Asia_Africa
Jordania,Ali Azaizeh,Delantero,64,Asia_Africa
Jordania,Mohammad Aldaoud,Mediocampista,64,Asia_Africa
Jordania,Anas Badawi,Defensa,63,Asia_Africa
Corea del Sur,Kim Seunggyu,Portero,76,Asia_Africa
Corea del Sur,Lee Hanbeom,Defensa,70,Asia_Africa
Corea del Sur,Lee Gihyuk,Mediocampista,70,Asia_Africa
Corea del Sur,Kim Minjae,Defensa,87,Champions
Corea del Sur,Kim Taehyeon,Defensa,70,Asia_Africa
Corea del Sur,Hwang Inbeom,Mediocampista,76,Europa_Top
Corea del Sur,Son Heungmin,Delantero,87,Europa_Mid
Corea del Sur,Paik Seungho,Mediocampista,74,Europa_Mid
Corea del Sur,Cho Guesung,Delantero,77,Europa_Top
Corea del Sur,Lee Jaesung,Mediocampista,77,Europa_Mid
Corea del Sur,Hwang Heechan,Delantero,78,Europa_Mid
Corea del Sur,Song Bumkeun,Portero,68,Asia_Africa
Corea del Sur,Lee Taeseok,Defensa,69,Asia_Africa
Corea del Sur,Cho Wije,Defensa,68,Asia_Africa
Corea del Sur,Kim Moonhwan,Defensa,71,Asia_Africa
Corea del Sur,Park Jinseob,Defensa,71,Asia_Africa
Corea del Sur,Bae Junho,Mediocampista,72,Europa_Mid
Corea del Sur,Oh Hyeongyu,Delantero,75,Asia_Africa
Corea del Sur,Lee Kangin,Mediocampista,78,Champions
Corea del Sur,Yang Hyunjun,Mediocampista,73,Europa_Top
Corea del Sur,Jo Hyeonwoo,Portero,74,Asia_Africa
Corea del Sur,Seol Youngwoo,Defensa,71,Asia_Africa
Corea del Sur,Castrop Jens,Defensa,68,Champions
Corea del Sur,Kim Jingyu,Mediocampista,70,Asia_Africa
Corea del Sur,Eom Jisung,Mediocampista,70,Asia_Africa
Corea del Sur,Lee Donggyeong,Mediocampista,72,Asia_Africa
México,Rangel Raul,Portero,73,America
México,Sanchez Jorge,Defensa,76,Europa_Top
México,Montes Cesar,Defensa,78,America
México,Alvarez Edson,Defensa,82,Europa_Mid
México,Vasquez Johan,Defensa,77,Europa_Mid
México,Lira Erik,Mediocampista,72,America
México,Romo Luis,Mediocampista,75,Europa_Top
México,Fidalgo Alvaro,Mediocampista,74,America
México,Jimenez Raul,Delantero,82,Europa_Mid
México,Vega Alexis,Delantero,77,America
México,Gimenez Santiago,Delantero,83,Europa_Top
México,Acevedo Carlos,Portero,72,America
México,Ochoa Guillermo,Portero,81,America
México,Gonzalez Armando,Delantero,70,America
México,Reyes Israel,Defensa,73,America
México,Quinones Julian,Delantero,74,America
México,Pineda Orbelin,Mediocampista,77,Europa_Mid
México,Vargas Obed,Mediocampista,70,America
México,Mora Gilberto,Mediocampista,67,America
México,Chavez Mateo,Defensa,70,America
México,Huerta Cesar,Delantero,74,America
México,Martinez Guillermo,Delantero,72,America
México,Gallardo Jesus,Defensa,76,America
México,Chavez Luis,Mediocampista,77,America
México,Alvarado Roberto,Delantero,75,America
México,Gutierrez Brian,Mediocampista,71,America
Marruecos,Bounou Yassine,Portero,86,Asia_Africa
Marruecos,Hakimi Achraf,Defensa,88,Champions
Marruecos,Mazraoui Noussair,Defensa,83,Champions
Marruecos,Amrabat Sofyan,Mediocampista,83,Champions
Marruecos,Saadane Marwane,Defensa,69,Europa_Low
Marruecos,Bouaddi Ayyoub,Mediocampista,70,Champions
Marruecos,Talbi Chemsdine,Mediocampista,69,Europa_Mid
Marruecos,Ounahi Azzedine,Mediocampista,79,Champions
Marruecos,Rahimi Souane,Delantero,74,Asia_Africa
Marruecos,Diaz Brahim,Delantero,83,Champions
Marruecos,Saibari Ismael,Mediocampista,77,Europa_Top
Marruecos,El Kajoui Munir,Portero,74,Europa_Mid
Marruecos,El Ouahdi Zakaria,Defensa,70,Europa_Mid
Marruecos,Diop Issa,Defensa,75,Europa_Mid
Marruecos,El Mourabet Samir,Mediocampista,68,Europa_Low
Marruecos,Yassine Gessime,Mediocampista,67,Europa_Low
Marruecos,Sbai Amine,Delantero,68,Europa_Low
Marruecos,Riad Chadi,Defensa,72,Europa_Low
Marruecos,Belammari Youssef,Defensa,68,Europa_Low
Marruecos,El Kaabi Ayoub,Delantero,80,Europa_Top
Marruecos,Amaimouni Ayoube,Delantero,68,Europa_Low
Marruecos,Tagnaouti Ahmed Reda,Portero,71,Europa_Mid
Marruecos,El Khannouss Bilal,Mediocampista,79,Europa_Mid
Marruecos,El Aynaoui Neil,Mediocampista,74,Europa_Top
Marruecos,Halhal Redouane,Defensa,68,Europa_Mid
Marruecos,Salah Eddine Anass,Defensa,70,Europa_Mid
Países Bajos,Verbruggen Bart,Portero,79,Champions
Países Bajos,Geertruida Lutsharel,Defensa,78,Champions
Países Bajos,De Roon Marten,Mediocampista,80,Champions
Países Bajos,Van Dijk Virgil,Defensa,89,Champions
Países Bajos,Ake Nathan,Defensa,83,Champions
Países Bajos,Van Hecke Jan Paul,Defensa,76,Champions
Países Bajos,Kluivert Justin,Mediocampista,77,Champions
Países Bajos,Gravenberch Ryan,Mediocampista,82,Champions
Países Bajos,Weghorst Wout,Delantero,78,Champions
Países Bajos,Depay Memphis,Delantero,84,Champions
Países Bajos,Gakpo Cody,Delantero,85,Champions
Países Bajos,Wieffer Mats,Defensa,75,Champions
Países Bajos,Roefs Robin,Portero,67,Europa_Top
Países Bajos,Reijnders Tijjani,Mediocampista,82,Champions
Países Bajos,Van De Ven Micky,Defensa,82,Champions
Países Bajos,Til Guus,Mediocampista,75,Champions
Países Bajos,Lang Noa,Delantero,77,Champions
Países Bajos,Malen Donyell,Delantero,80,Champions
Países Bajos,Brobbey Brian,Delantero,77,Europa_Top
Países Bajos,Koopmeiners Teun,Mediocampista,85,Champions
Países Bajos,De Jong Frenkie,Mediocampista,87,Champions
Países Bajos,Dumfries Denzel,Defensa,83,Champions
Países Bajos,Flekken Mark,Portero,78,Champions
Países Bajos,Summerville Crysencio,Delantero,76,Champions
Países Bajos,Hato Jorrel,Defensa,72,Europa_Top
Países Bajos,Timber Quinten,Mediocampista,77,Champions
Nueva Zelanda,Crocombe Max,Portero,69,Europa_Low
Nueva Zelanda,Payne Tim,Defensa,65,Europa_Low
Nueva Zelanda,De Vries Francis,Defensa,64,Europa_Low
Nueva Zelanda,Bindon Tyler,Defensa,67,America
Nueva Zelanda,Boxall Michael,Defensa,68,America
Nueva Zelanda,Bell Joe,Mediocampista,68,America
Nueva Zelanda,Rogerson Logan,Delantero,67,Asia_Africa
Nueva Zelanda,Stamenic Marko,Mediocampista,70,America
Nueva Zelanda,Wood Chris,Delantero,78,Europa_Mid
Nueva Zelanda,Singh Sarpreet,Mediocampista,69,Europa_Mid
Nueva Zelanda,Just Elijah,Mediocampista,70,America
Nueva Zelanda,Paulsen Alex,Portero,65,Europa_Low
Nueva Zelanda,Cacace Liberato,Defensa,69,Europa_Mid
Nueva Zelanda,Rufer Alex,Mediocampista,67,Europa_Low
Nueva Zelanda,Pijnaker Nando,Defensa,66,Europa_Low
Nueva Zelanda,Surman Finn,Defensa,66,Europa_Low
Nueva Zelanda,Barbarouses Kosta,Delantero,69,America
Nueva Zelanda,Waine Ben,Delantero,70,Asia_Africa
Nueva Zelanda,Old Ben,Mediocampista,68,America
Nueva Zelanda,Mccowatt Callum,Mediocampista,69,Europa_Low
Nueva Zelanda,Randall Jesse,Delantero,67,Asia_Africa
Nueva Zelanda,Woud Michael,Portero,67,Europa_Low
Nueva Zelanda,Thomas Ryan,Mediocampista,68,Europa_Top
Nueva Zelanda,Elliot Callan,Defensa,65,Asia_Africa
Nueva Zelanda,Bayliss Lachlan,Mediocampista,65,Europa_Low
Nueva Zelanda,Smith Tommy,Defensa,67,Europa_Low
Noruega,Nyland Orjan,Portero,78,Europa_Mid
Noruega,Thorsby Morten,Mediocampista,74,Europa_Mid
Noruega,Ajer Kristoffer,Defensa,77,Europa_Mid
Noruega,Ostigard Leo,Defensa,77,Champions
Noruega,Moller Wolfe David,Defensa,72,Europa_Mid
Noruega,Berg Patrick,Mediocampista,74,Europa_Top
Noruega,Sorloth Alexander,Delantero,83,Champions
Noruega,Berge Sander,Mediocampista,80,Europa_Mid
Noruega,Haaland Erling,Delantero,91,Champions
Noruega,Odegaard Martin,Mediocampista,88,Champions
Noruega,Strand Larsen Jorgen,Delantero,78,Champions
Noruega,Tangvik Sander,Portero,64,Europa_Low
Noruega,Selvik Egil,Portero,71,Europa_Low
Noruega,Aursnes Fredrik,Mediocampista,76,Europa_Top
Noruega,Bjorkan Fredrik Andre,Defensa,73,Europa_Top
Noruega,Holmgren Pedersen Marcus,Defensa,74,Europa_Low
Noruega,Heggem Torbjorn,Defensa,72,Europa_Low
Noruega,Thorstvedt Kristian,Mediocampista,76,Europa_Mid
Noruega,Aasgaard Thelo,Mediocampista,72,Europa_Mid
Noruega,Nusa Antonio,Delantero,77,Europa_Top
Noruega,Schjelderup Andreas,Mediocampista,74,Europa_Top
Noruega,Bobb Oscar,Mediocampista,75,Champions
Noruega,Hauge Jens Petter,Mediocampista,73,Europa_Mid
Noruega,Langas Sondre,Defensa,68,Europa_Mid
Noruega,Falchener Henrik,Defensa,66,Europa_Low
Noruega,Ryerson Julian,Defensa,75,Champions
Panamá,Mejia Luis,Portero,70,America
Panamá,Blackman Cesar,Defensa,68,America
Panamá,Cordoba Jose,Defensa,69,America
Panamá,Escobar Fidel,Defensa,72,America
Panamá,Farina Edgardo,Defensa,66,America
Panamá,Martinez Cristian,Mediocampista,68,America
Panamá,Rodriguez Jose Luis,Mediocampista,71,America
Panamá,Carrasquilla Adalberto,Mediocampista,73,America
Panamá,Rodriguez Tomas,Delantero,69,America
Panamá,Diaz Ismael,Mediocampista,74,Europa_Top
Panamá,Barcenas Edgar Yoel,Mediocampista,73,Europa_Low
Panamá,Samudio Cesar,Portero,66,America
Panamá,Ramos Jiovany,Defensa,66,America
Panamá,Harvey Carlos,Defensa,67,America
Panamá,Davis Eric,Defensa,70,America
Panamá,Andrade Andres,Defensa,68,America
Panamá,Fajardo Jose,Delantero,71,America
Panamá,Waterman Cecilio,Delantero,71,America
Panamá,Quintero Alberto,Mediocampista,69,America
Panamá,Godoy Anibal,Mediocampista,70,America
Panamá,Yanis Cesar,Mediocampista,68,America
Panamá,Mosquera Orlando,Portero,68,America
Panamá,Murillo Amir,Defensa,72,Europa_Mid
Panamá,Londono Azarias,Delantero,66,America
Panamá,Miller Roderick,Defensa,68,America
Panamá,Gutierrez Jorge,Defensa,65,America
Paraguay,Fernandez Gatito,Portero,74,America
Paraguay,Velazquez Gustavo,Defensa,68,America
Paraguay,Alderete Omar,Defensa,74,Europa_Mid
Paraguay,Caceres Juan Jose,Defensa,71,America
Paraguay,Balbuena Fabian,Defensa,77,America
Paraguay,Alonso Junior,Defensa,75,Europa_Mid
Paraguay,Sosa Ramon,Mediocampista,74,Champions
Paraguay,Gomez Diego,Mediocampista,76,Europa_Top
Paraguay,Sanabria Antonio,Delantero,77,Europa_Mid
Paraguay,Almiron Miguel,Mediocampista,81,Europa_Mid
Paraguay,Mauricio,Mediocampista,71,America
Paraguay,Gill Orlando,Portero,66,America
Paraguay,Canale Jose,Defensa,67,America
Paraguay,Cubas Andres,Mediocampista,73,Europa_Mid
Paraguay,Gomez Gustavo,Defensa,77,America
Paraguay,Bobadilla Damian,Mediocampista,72,Europa_Mid
Paraguay,Romero Gamarra Alejandro,Delantero,73,America
Paraguay,Arce Alex,Delantero,72,America
Paraguay,Enciso Julio,Delantero,75,Europa_Mid
Paraguay,Ojeda Braian,Mediocampista,70,America
Paraguay,Avalos Gabriel,Delantero,70,America
Paraguay,Olveira Gaston,Portero,65,America
Paraguay,Galarza Matias,Mediocampista,71,Europa_Mid
Paraguay,Caballero Gustavo,Mediocampista,69,America
Paraguay,Pitta Isidro,Delantero,70,America
Paraguay,Maidana Alexandro,Defensa,66,America
Portugal,Diogo Costa,Portero,87,Champions
Portugal,Nelson Semedo,Defensa,82,Champions
Portugal,Ruben Dias,Defensa,88,Champions
Portugal,Tomas Araujo,Defensa,74,Champions
Portugal,Diogo Dalot,Defensa,81,Champions
Portugal,Matheus Nunes,Mediocampista,82,Champions
Portugal,Cristiano Ronaldo,Delantero,88,Asia_Africa
Portugal,Bruno Fernandes,Mediocampista,88,Champions
Portugal,Goncalo Ramos,Delantero,83,Champions
Portugal,Bernardo Silva,Mediocampista,88,Champions
Portugal,Joao Felix,Delantero,84,Champions
Portugal,Jose Sa,Portero,81,Champions
Portugal,Renato Veiga,Defensa,74,Champions
Portugal,Goncalo Inacio,Defensa,78,Europa_Top
Portugal,Joao Neves,Mediocampista,80,Champions
Portugal,Francisco Trincao,Delantero,78,Europa_Top
Portugal,Rafael Leao,Delantero,86,Champions
Portugal,Pedro Neto,Delantero,82,Champions
Portugal,Goncalo Guedes,Delantero,79,Champions
Portugal,Joao Cancelo,Defensa,85,Champions
Portugal,Ruben Neves,Mediocampista,83,Asia_Africa
Portugal,Rui Silva,Portero,76,Champions
Portugal,Vitinha,Mediocampista,84,Champions
Portugal,Samu Costa,Defensa,72,Europa_Top
Portugal,Nuno Mendes,Defensa,83,Champions
Portugal,Francisco Conceicao,Delantero,78,Champions
Catar,Mahmoud Abunada,Portero,67,Asia_Africa
Catar,Pedro Miguel,Defensa,70,Asia_Africa
Catar,Lucas Mendes,Defensa,68,Asia_Africa
Catar,Issa Laye,Defensa,66,Asia_Africa
Catar,Jassem Gaber,Defensa,68,Asia_Africa
Catar,Abdulaziz Hatem,Mediocampista,72,Asia_Africa
Catar,Ahmed Alaaeldin,Delantero,71,Asia_Africa
Catar,Edmilson Junior,Delantero,69,Asia_Africa
Catar,Mohammed Muntari,Delantero,73,Asia_Africa
Catar,Hassan Alhaydos,Delantero,74,Asia_Africa
Catar,Akram Afif,Delantero,79,Asia_Africa
Catar,Karim Boudiaf,Mediocampista,72,Asia_Africa
Catar,Ayoub Aloui,Defensa,65,Asia_Africa
Catar,Homam Ahmed,Defensa,68,Asia_Africa
Catar,Yusuf Abdurisag,Delantero,67,Asia_Africa
Catar,Boualem Khoukhi,Defensa,72,Asia_Africa
Catar,Ahmed Alganehi,Mediocampista,66,Asia_Africa
Catar,Sultan Albrake,Defensa,66,Asia_Africa
Catar,Almoez Ali,Delantero,76,Asia_Africa
Catar,Ahmed Fathy,Mediocampista,67,Asia_Africa
Catar,Salah Zakaria,Portero,66,Asia_Africa
Catar,Meshaal Barsham,Portero,69,Asia_Africa
Catar,Assim Madibo,Mediocampista,70,Asia_Africa
Catar,Tahsin Mohammed,Delantero,64,Asia_Africa
Catar,Alhashmi Alhussein,Defensa,63,Asia_Africa
Catar,Mohamed Manai,Delantero,65,Asia_Africa
Arabia Saudí,Nawaf Alaqidi,Portero,74,Asia_Africa
Arabia Saudí,Ali Majrashi,Defensa,68,Asia_Africa
Arabia Saudí,Ali Lajami,Defensa,70,Asia_Africa
Arabia Saudí,Abdulelah Alamri,Defensa,70,Asia_Africa
Arabia Saudí,Hassan Altambakti,Defensa,72,Asia_Africa
Arabia Saudí,Nasser Aldawsari,Mediocampista,72,Asia_Africa
Arabia Saudí,Musab Aljuwayr,Mediocampista,73,Asia_Africa
Arabia Saudí,Aiman Yahya,Delantero,69,Asia_Africa
Arabia Saudí,Feras Albrikan,Delantero,74,Asia_Africa
Arabia Saudí,Salem Aldawsari,Delantero,78,Asia_Africa
Arabia Saudí,Saleh Alshehri,Delantero,76,Asia_Africa
Arabia Saudí,Saud Abdulhamid,Defensa,73,Europa_Mid
Arabia Saudí,Nawaf Bu Washl,Defensa,69,Asia_Africa
Arabia Saudí,Hassan Kadish,Defensa,69,Asia_Africa
Arabia Saudí,Abdullah Alkhaibari,Mediocampista,70,Asia_Africa
Arabia Saudí,Ziyad Aljohani,Mediocampista,68,Asia_Africa
Arabia Saudí,Khalid Alghannam,Delantero,67,Asia_Africa
Arabia Saudí,Ala Alhajji,Mediocampista,66,Asia_Africa
Arabia Saudí,Abdullah Alhamddan,Delantero,73,Asia_Africa
Arabia Saudí,Sultan Mandash,Delantero,67,Asia_Africa
Arabia Saudí,Mohammed Alowais,Portero,75,Asia_Africa
Arabia Saudí,Ahmed Alkassar,Portero,66,Asia_Africa
Arabia Saudí,Mohamed Kanno,Mediocampista,74,Asia_Africa
Arabia Saudí,Moteb Alharbi,Defensa,67,Asia_Africa
Arabia Saudí,Jehad Thikri,Defensa,66,Asia_Africa
Arabia Saudí,Mohammed Abu Alshamat,Defensa,65,Asia_Africa
Escocia,Gunn Angus,Portero,77,Europa_Low
Escocia,Hickey Aaron,Defensa,76,Europa_Mid
Escocia,Robertson Andy,Defensa,86,Champions
Escocia,Mctominay Scott,Mediocampista,82,Champions
Escocia,Hanley Grant,Defensa,74,Europa_Low
Escocia,Tierney Kieran,Defensa,80,Europa_Top
Escocia,Mcginn John,Mediocampista,82,Champions
Escocia,Fletcher Tyler,Mediocampista,67,Europa_Low
Escocia,Dykes Lyndon,Delantero,75,Europa_Low
Escocia,Adams Che,Delantero,76,America
Escocia,Christie Ryan,Mediocampista,78,Europa_Top
Escocia,Kelly Liam,Portero,72,Europa_Top
Escocia,Hendry Jack,Defensa,73,Europa_Top
Escocia,Stewart Ross,Delantero,74,Europa_Low
Escocia,Souttar John,Defensa,75,Europa_Top
Escocia,Hyam Dominic,Defensa,71,Europa_Low
Escocia,Gannon-Doak Ben,Delantero,71,Europa_Low
Escocia,Hirst George,Delantero,72,Europa_Mid
Escocia,Ferguson Lewis,Mediocampista,77,Champions
Escocia,Shankland Lawrence,Delantero,75,Europa_Mid
Escocia,Gordon Craig,Portero,74,Europa_Mid
Escocia,Patterson Nathan,Defensa,74,Europa_Mid
Escocia,Mclean Kenny,Mediocampista,74,Europa_Low
Escocia,Ralston Anthony,Defensa,72,Europa_Top
Escocia,Curtis Findlay,Delantero,66,Europa_Low
Escocia,Mckenna Scott,Defensa,75,Europa_Mid
Senegal,Diouf Yehvann,Portero,74,Europa_Mid
Senegal,Sarr Mamadou,Defensa,72,Europa_Mid
Senegal,Koulibaly Kalidou,Defensa,85,Asia_Africa
Senegal,Seck Abdoulaye,Defensa,71,Europa_Mid
Senegal,Gueye Idrissa Gana,Mediocampista,84,Asia_Africa
Senegal,Ciss Pathe,Mediocampista,73,Europa_Mid
Senegal,Diao Assane,Delantero,74,Champions
Senegal,Camara Lamine,Mediocampista,78,Europa_Mid
Senegal,Dieng Bamba,Delantero,73,Europa_Mid
Senegal,Mane Sadio,Delantero,87,Asia_Africa
Senegal,Jackson Nicolas,Delantero,82,Champions
Senegal,Ndiaye Cherif,Delantero,72,Europa_Low
Senegal,Ndiaye Iliman,Delantero,78,Europa_Mid
Senegal,Jakobs Ismail,Defensa,74,Europa_Mid
Senegal,Diatta Krepin,Defensa,76,Europa_Mid
Senegal,Mendy Edouard,Portero,83,Europa_Mid
Senegal,Sarr Pape Matar,Mediocampista,79,Europa_Mid
Senegal,Sarr Ismaila,Delantero,82,Europa_Mid
Senegal,Niakhate Moussa,Defensa,77,Europa_Mid
Senegal,Mbaye Ibrahim,Delantero,70,Europa_Low
Senegal,Diarra Habib,Mediocampista,72,Europa_Low
Senegal,Ndiaye Bara Sapoko,Mediocampista,67,Europa_Low
Senegal,Diaw Mory,Portero,68,Europa_Low
Senegal,Mendy Antoine,Defensa,68,Europa_Low
Senegal,Diouf El Hadji Malick,Defensa,70,Europa_Low
Senegal,Gueye Pape,Mediocampista,74,Asia_Africa
Sudáfrica,Williams Ronwen,Portero,74,Asia_Africa
Sudáfrica,Matuludi Thabang,Defensa,64,Asia_Africa
Sudáfrica,Ndamane Khulumani,Defensa,65,Asia_Africa
Sudáfrica,Mokoena Teboho,Mediocampista,73,Asia_Africa
Sudáfrica,Mbatha Thalente,Mediocampista,70,Asia_Africa
Sudáfrica,Modiba Aubrey,Defensa,69,Asia_Africa
Sudáfrica,Appollis Oswin,Delantero,73,Asia_Africa
Sudáfrica,Moremi Tshepang,Delantero,67,Asia_Africa
Sudáfrica,Foster Lyle,Delantero,74,Europa_Mid
Sudáfrica,Mofokeng Relebohile,Delantero,72,Asia_Africa
Sudáfrica,Zwane Themba,Mediocampista,72,Asia_Africa
Sudáfrica,Maseko Thapelo,Delantero,67,Asia_Africa
Sudáfrica,Sithole Sphephelo,Mediocampista,68,Asia_Africa
Sudáfrica,Mbokazi Mbekezeli,Defensa,65,Asia_Africa
Sudáfrica,Rayners Iqraam,Delantero,70,Asia_Africa
Sudáfrica,Chaine Sipho,Portero,68,Asia_Africa
Sudáfrica,Makgopa Evidence,Delantero,71,Asia_Africa
Sudáfrica,Kabini Samukele,Defensa,65,Asia_Africa
Sudáfrica,Sibisi Nkosinathi,Defensa,67,Asia_Africa
Sudáfrica,Mudau Khuliso,Defensa,69,Asia_Africa
Sudáfrica,Okon Ime,Defensa,65,Asia_Africa
Sudáfrica,Goss Ricardo,Portero,64,Europa_Low
Sudáfrica,Adams Jayden,Mediocampista,68,Europa_Low
Sudáfrica,Makhanya Olwethu,Defensa,63,Asia_Africa
Sudáfrica,Sebelebele Kamogelo,Delantero,66,Asia_Africa
Sudáfrica,Cross Bradley,Defensa,63,Asia_Africa
España,Raya David,Portero,85,Champions
España,Pubill Marc,Defensa,73,Champions
España,Grimaldo Alex,Defensa,82,Champions
España,Garcia Eric,Defensa,78,Champions
España,Llorente Marcos,Defensa,81,Champions
España,Merino Mikel,Mediocampista,83,Champions
España,Torres Ferran,Delantero,82,Champions
España,Ruiz Fabian,Mediocampista,84,Champions
España,Gavi,Mediocampista,85,Champions
España,Olmo Dani,Mediocampista,86,Champions
España,Pino Yeremy,Delantero,78,Champions
España,Porro Pedro,Defensa,80,Champions
España,Garcia Joan,Portero,74,Champions
España,Laporte Aymeric,Defensa,84,Asia_Africa
España,Baena Alex,Mediocampista,75,Champions
España,Rodri,Mediocampista,91,Champions
España,Williams Nico,Delantero,84,Champions
España,Zubimendi Martin,Mediocampista,82,Champions
España,Yamal Lamine,Delantero,87,Champions
España,Pedri,Mediocampista,88,Champions
España,Oyarzabal Mikel,Delantero,82,Champions
España,Cubarsi Pau,Defensa,78,Champions
España,Simon Unai,Portero,84,Champions
España,Cucurella Marc,Defensa,80,Champions
España,Munoz Victor,Delantero,70,Champions
España,Iglesias Borja,Delantero,74,Champions
Suecia,Widell Zetterstrom Jacob,Portero,70,Europa_Low
Suecia,Lagerbielke Gustaf,Defensa,73,Europa_Top
Suecia,Lindelof Victor,Defensa,80,Europa_Mid
Suecia,Hien Isak,Defensa,79,Champions
Suecia,Gudmundsson Gabriel,Defensa,74,Europa_Mid
Suecia,Johansson Herman,Defensa,68,Europa_Low
Suecia,Bergvall Lucas,Mediocampista,77,Europa_Mid
Suecia,Svensson Daniel,Defensa,72,Europa_Low
Suecia,Isak Alexander,Delantero,87,Europa_Mid
Suecia,Nygren Benjamin,Mediocampista,73,Europa_Low
Suecia,Elanga Anthony,Delantero,77,Europa_Mid
Suecia,Johansson Viktor,Portero,72,Europa_Low
Suecia,Sema Ken,Mediocampista,74,Europa_Low
Suecia,Ekdal Hjalmar,Defensa,72,Europa_Low
Suecia,Starfelt Carl,Defensa,75,Europa_Top
Suecia,Karlstrom Jesper,Mediocampista,73,Europa_Low
Suecia,Gyokeres Viktor,Delantero,87,Europa_Top
Suecia,Ayari Yasin,Mediocampista,74,Europa_Mid
Suecia,Svanberg Mattias,Mediocampista,74,Europa_Mid
Suecia,Smith Eric,Defensa,70,Europa_Low
Suecia,Bernhardsson Alexander,Defensa,71,Europa_Low
Suecia,Zeneli Besfort,Mediocampista,70,Europa_Low
Suecia,Nordfeldt Kristoffer,Portero,72,Europa_Low
Suecia,Stroud Elliot,Defensa,65,Europa_Low
Suecia,Nilsson Gustaf,Delantero,73,Europa_Low
Suecia,Ali Taha,Delantero,67,Europa_Low
Suiza,Kobel Gregor,Portero,83,Champions
Suiza,Muheim Miro,Defensa,72,Europa_Low
Suiza,Widmer Silvan,Defensa,76,Europa_Mid
Suiza,Elvedi Nico,Defensa,79,Europa_Mid
Suiza,Akanji Manuel,Defensa,85,Champions
Suiza,Zakaria Denis,Mediocampista,78,Europa_Mid
Suiza,Embolo Breel,Delantero,80,Europa_Mid
Suiza,Freuler Remo,Mediocampista,81,Europa_Top
Suiza,Manzambi Johan,Mediocampista,71,Europa_Low
Suiza,Xhaka Granit,Mediocampista,84,Champions
Suiza,Ndoye Dan,Delantero,79,Champions
Suiza,Mvogo Yvon,Portero,73,Europa_Top
Suiza,Rodriguez Ricardo,Defensa,78,Europa_Mid
Suiza,Jashari Ardon,Mediocampista,74,Europa_Top
Suiza,Sow Djibril,Mediocampista,73,Europa_Mid
Suiza,Fassnacht Christian,Delantero,74,Europa_Low
Suiza,Vargas Ruben,Delantero,78,Europa_Mid
Suiza,Coemert Eray,Defensa,73,Champions
Suiza,Okafor Noah,Delantero,78,Champions
Suiza,Aebischer Michel,Mediocampista,74,Champions
Suiza,Keller Marvin,Portero,66,Europa_Low
Suiza,Rieder Fabian,Mediocampista,74,Europa_Low
Suiza,Amdouni Zeki,Delantero,76,Europa_Mid
Suiza,Amenda Aurele,Defensa,71,Europa_Top
Suiza,Jaquez Luca,Defensa,71,Champions
Suiza,Itten Cedric,Delantero,73,Europa_Low
Túnez,Chamakh Mouhib,Portero,67,Asia_Africa
Túnez,Abdi Ali,Defensa,70,Asia_Africa
Túnez,Talbi Montassar,Defensa,73,Europa_Mid
Túnez,Rekik Omar,Defensa,70,Europa_Mid
Túnez,Arous Adam,Defensa,65,Europa_Low
Túnez,Bronn Dylan,Defensa,72,Europa_Mid
Túnez,Achouri Elias,Delantero,72,Europa_Low
Túnez,Saad Elias,Delantero,72,Europa_Low
Túnez,Mastouri Hazem,Delantero,72,Europa_Low
Túnez,Mejbri Hannibal,Mediocampista,76,Europa_Mid
Túnez,Gharbi Ismael,Mediocampista,74,Europa_Mid
Túnez,Ben Ouanes Mortadha,Defensa,68,Europa_Low
Túnez,Khedira Rani,Mediocampista,73,Europa_Mid
Túnez,Ayari Khalil,Mediocampista,70,Europa_Low
Túnez,Hadj Mahmoud Mohamed,Mediocampista,68,Europa_Low
Túnez,Dahmen Aymen,Portero,73,Europa_Mid
Túnez,Skhiri Ellyes,Mediocampista,79,Champions
Túnez,Elloumi Rayan,Delantero,67,Europa_Low
Túnez,Chaouat Firas,Delantero,70,Europa_Low
Túnez,Valery Yan,Defensa,69,Europa_Mid
Túnez,Ben Hmida Mohamed Amine,Defensa,67,Europa_Low
Túnez,Ben Hessen Sabri,Portero,65,Europa_Low
Túnez,Neffati Moutaz,Defensa,65,Europa_Low
Túnez,Chikhaoui Raed,Defensa,64,Europa_Low
Túnez,Slimane Anis,Mediocampista,73,Europa_Mid
Túnez,Tounekti Sebastian,Mediocampista,70,Europa_Low
Turquía,Gunok Mert,Portero,79,Europa_Top
Turquía,Celik Zeki,Defensa,80,Europa_Mid
Turquía,Demiral Merih,Defensa,82,Asia_Africa
Turquía,Soyuncu Caglar,Defensa,81,Champions
Turquía,Ozcan Salih,Mediocampista,77,Champions
Turquía,Kokcu Orkun,Mediocampista,80,Europa_Top
Turquía,Akturkoglu Kerem,Delantero,80,Europa_Top
Turquía,Guler Arda,Delantero,84,Champions
Turquía,Gul Deniz,Delantero,71,Europa_Top
Turquía,Calhanoglu Hakan,Mediocampista,86,Champions
Turquía,Yildiz Kenan,Delantero,82,Champions
Turquía,Bayindir Altay,Portero,76,Europa_Mid
Turquía,Elmali Eren,Defensa,72,Europa_Top
Turquía,Bardakci Abdulkerim,Defensa,75,Europa_Top
Turquía,Kabak Ozan,Defensa,77,Europa_Mid
Turquía,Yuksek Ismail,Mediocampista,75,Europa_Top
Turquía,Kahveci Irfan Can,Delantero,76,Europa_Top
Turquía,Muldur Mert,Defensa,76,Europa_Top
Turquía,Akgun Yunus,Delantero,74,Europa_Top
Turquía,Kadioglu Ferdi,Defensa,80,Europa_Mid
Turquía,Yilmaz Baris Alper,Delantero,76,Europa_Top
Turquía,Ayhan Kaan,Mediocampista,76,Europa_Top
Turquía,Cakir Ugurcan,Portero,80,Europa_Mid
Turquía,Aydin Oguz,Delantero,71,Europa_Top
Turquía,Akaydin Samet,Defensa,72,Europa_Mid
Turquía,Uzun Can,Delantero,72,Europa_Mid
Uruguay,Rochet Sergio,Portero,80,America
Uruguay,Gimenez Jose Maria,Defensa,85,Champions
Uruguay,Caceres Sebastian,Defensa,73,America
Uruguay,Araujo Ronald,Defensa,85,Champions
Uruguay,Ugarte Manuel,Mediocampista,83,Champions
Uruguay,Bentancur Rodrigo,Mediocampista,83,Europa_Mid
Uruguay,De La Cruz Nicolas,Mediocampista,79,Europa_Mid
Uruguay,Valverde Federico,Mediocampista,88,Champions
Uruguay,Nunez Darwin,Delantero,86,Champions
Uruguay,De Arrascaeta Giorgian,Mediocampista,82,America
Uruguay,Pellistri Facundo,Delantero,76,Europa_Mid
Uruguay,Mele Santiago,Portero,73,America
Uruguay,Varela Guillermo,Defensa,72,America
Uruguay,Canobbio Agustin,Mediocampista,74,America
Uruguay,Martinez Emiliano,Mediocampista,72,America
Uruguay,Olivera Mathias,Defensa,78,Champions
Uruguay,Vina Matias,Defensa,76,America
Uruguay,Rodriguez Brian Paul,Delantero,74,America
Uruguay,Aguirre Rodrigo,Delantero,72,America
Uruguay,Araujo Maxi,Mediocampista,74,Europa_Mid
Uruguay,Vinas Federico,Delantero,72,America
Uruguay,Piquerez Joaquin,Defensa,74,America
Uruguay,Muslera Fernando,Portero,79,Europa_Top
Uruguay,Bueno Santiago,Defensa,74,Europa_Mid
Uruguay,Sanabria Juan Manuel,Mediocampista,68,Europa_Mid
Uruguay,Zalazar Rodrigo,Mediocampista,70,Europa_Mid
Estados Unidos,Turner Matt,Portero,78,Europa_Mid
Estados Unidos,Dest Sergino,Defensa,78,Europa_Top
Estados Unidos,Richards Chris,Defensa,78,Europa_Mid
Estados Unidos,Adams Tyler,Mediocampista,80,Europa_Mid
Estados Unidos,Robinson Antonee,Defensa,80,Europa_Mid
Estados Unidos,Trusty Auston,Defensa,73,Europa_Mid
Estados Unidos,Reyna Giovanni,Mediocampista,79,Champions
Estados Unidos,Mckennie Weston,Mediocampista,80,Champions
Estados Unidos,Pepi Ricardo,Delantero,77,Europa_Top
Estados Unidos,Pulisic Christian,Delantero,86,Champions
Estados Unidos,Aaronson Brenden,Mediocampista,77,Europa_Mid
Estados Unidos,Robinson Miles,Defensa,75,America
Estados Unidos,Ream Tim,Defensa,73,Europa_Mid
Estados Unidos,Berhalter Sebastian,Mediocampista,70,America
Estados Unidos,Roldan Cristian,Mediocampista,72,America
Estados Unidos,Freeman Alex,Defensa,70,America
Estados Unidos,Tillman Malik,Mediocampista,74,Europa_Top
Estados Unidos,Arfsten Max,Defensa,69,Europa_Low
Estados Unidos,Wright Haji,Delantero,75,Europa_Low
Estados Unidos,Balogun Folarin,Delantero,78,Europa_Mid
Estados Unidos,Weah Timothy,Delantero,76,Champions
Estados Unidos,Mckenzie Mark,Defensa,73,Europa_Top
Estados Unidos,Scally Joe,Defensa,73,Europa_Mid
Estados Unidos,Freese Matt,Portero,73,Europa_Low
Estados Unidos,Brady Chris,Portero,68,America
Estados Unidos,Zendejas Alex,Delantero,70,America
Uzbekistán,Yusupov Utkir,Portero,68,Asia_Africa
Uzbekistán,Khusanov Abdukodir,Defensa,74,Champions
Uzbekistán,Alijonov Khojiakbar,Defensa,67,Asia_Africa
Uzbekistán,Sayfiev Farrukh,Defensa,67,Asia_Africa
Uzbekistán,Ashurmatov Rustam,Defensa,68,Asia_Africa
Uzbekistán,Mozgovoy Akmal,Mediocampista,67,Asia_Africa
Uzbekistán,Shukurov Otabek,Mediocampista,72,Asia_Africa
Uzbekistán,Iskanderov Jamshid,Mediocampista,68,Asia_Africa
Uzbekistán,Xamrobekov Odiljon,Mediocampista,68,Asia_Africa
Uzbekistán,Masharipov Jaloliddin,Mediocampista,73,Asia_Africa
Uzbekistán,Urunov Oston,Mediocampista,72,Europa_Low
Uzbekistán,Nematov Abduvohid,Portero,65,Asia_Africa
Uzbekistán,Nasrullaev Sherzod,Defensa,67,Asia_Africa
Uzbekistán,Shomurodov Eldor,Delantero,78,Europa_Mid
Uzbekistán,Eshmurodov Umar,Defensa,66,Asia_Africa
Uzbekistán,Ergashev Botirali,Portero,64,Asia_Africa
Uzbekistán,Khamdamov Dostonbek,Mediocampista,69,Asia_Africa
Uzbekistán,Abdullaev Abdulla,Defensa,66,Asia_Africa
Uzbekistán,Ganiev Azizjon,Mediocampista,67,Asia_Africa
Uzbekistán,Amonov Azizbek,Delantero,68,Asia_Africa
Uzbekistán,Sergeev Igor,Delantero,73,Asia_Africa
Uzbekistán,Fayzullaev Abbosbek,Mediocampista,72,Europa_Low
Uzbekistán,Esanov Sherzod,Mediocampista,65,Asia_Africa
Uzbekistán,Karimov Behruzjon,Defensa,62,Asia_Africa
Uzbekistán,Ulmasaliyev Avazbek,Defensa,63,Asia_Africa
Uzbekistán,Urozov Jakhongir,Defensa,63,Asia_Africa
